"",mouse,treatment,vessel,roi,rep,alpha,c0,cr,k1,k2,r1,r2,alpha_std,c0_std,cr_std,k1_std,k2_std,r1_std,r2_std,I_plasma,I_plasma_std,logit_alpha,log_c0,log_cr,log_k1,log_k2,log_r1,log_r2,log_I_plasma,alpha_stnd,c0_stnd,cr_stnd,k1_stnd,k2_stnd,r1_stnd,r2_stnd,I_plasma_stnd
0,N-208,N,1,N-208-1,1,0.4139732203328372,270.66945607867564,14.67507141278568,1.426052196245804,0.20413354612553128,0.7350590690552959,0.0745400846707021,0.0278364200398398,8.607432965318404,4.698168853520323,0.21002109260276608,0.011112014909841251,0.1080351661044376,0.0030329815253567,68.43748474121094,1.1116018133771777,-0.34756420107680863,5.600898357149857,2.6861502319909523,0.3549099245801483,-1.5889808614495706,-0.3078044169368522,-2.596418249022063,4.22592069705132,-2.1420080003678166,2.5408199618025895,0.7350727133071818,1.9387507301162092,0.5032783668071721,1.3178533357508058,0.9135624193418402,2.815515755684158
1,N-317,N,1,N-317-1,1,0.6765504348373402,97.51152483177962,2.9911302247297185,0.5744099916118759,0.16840883601612502,0.6384451729964349,0.0898194747274906,0.0324524301674599,8.150637750783124,2.0095326147828585,0.07295332778285933,0.019989590685619965,0.0953846312931175,0.0070125048601028,36.06057357788086,0.9970508399029052,0.7379637993206003,4.579970574421198,1.0956513175598412,-0.5544118665319396,-1.7813607081458913,-0.44871947564369297,-2.4099534593969754,3.585200123857234,0.6344395698193797,-0.6749441828997209,-0.7206951382235995,-0.7582862490394864,0.1079947090829433,0.8482906342687145,1.4432232560551184,0.6312748131455141
2,N-330,N,1,N-330-1,1,0.660116491843765,95.54668788574376,4.391747489720716,0.5957429800531592,0.04390728174854516,0.2911162867138619,0.0207844216226875,0.0145256589616891,2.770240908438063,1.2019307579114549,0.04854855588144342,0.003365382603325746,0.0212779683019116,0.0009257673433212,16.59933673469388,0.5568286804467105,0.6638133864076534,4.559615006409332,1.4797272093214422,-0.5179459464496985,-3.125675101390863,-1.2340324809331793,-3.873551533333577,2.809362738822913,0.46066980392705226,-0.7114337167937208,-0.5461843670843861,-0.6907275273263306,-1.2695792337853213,-0.8397966575039766,-0.9498803857875742,-0.6816370360081163
3,N-330,N,1,N-330-1,2,0.4382563994317763,126.82439582907932,8.57033212159121,0.5995430452810567,0.12236560773569224,0.2302780199360207,0.0304466806995663,0.0164485424327272,1.3644989574167208,0.609718719536164,0.04335140070270164,0.007550425374600779,0.0166403871571451,0.0011328907054384,16.144500172950536,0.6043427915763461,-0.24824139310871962,4.84280341962575,2.148306485836743,-0.5115875051221366,-2.1007419309384385,-1.4684679177175721,-3.491778298992483,2.7815794451029854,-1.885241724082584,-0.13056669552378322,-0.02555104018985203,-0.6786932289002107,-0.40146038886980556,-1.1354827033734745,-0.6149376813877783,-0.7123216382331894
4,E-504,E,1,E-504-1,1,0.5310910058848727,121.01552345308698,1.068060531683173,1.1056841771611825,0.32992448154562887,0.8607907677402024,0.1319221246060253,0.0362882863164647,5.569896781614626,1.4769058606810748,0.17225746814153664,0.029687298898226404,0.1513709924563956,0.0087071022624527,23.202072143554688,0.845208290407331,0.124524685185112,4.795918830368617,0.06584441653785555,0.10046430821799353,-1.1088914945114738,-0.14990381484100526,-2.025543495599526,3.1442415912163098,-0.903624114944744,-0.23844488148589882,-0.9603011915519227,0.9241880537849152,1.8951189418358387,1.928934334497074,2.9027137644869723,-0.23619723046182148
5,E-504,E,1,E-504-1,2,0.5718707917167268,133.8018353996051,4.335992839364457,1.247386939382721,0.38561497061886024,0.5846286152301579,0.0817725854136605,0.018459532085141,4.117424948116656,0.6513684629962972,0.10603800241169187,0.025328076507061807,0.0530021148224669,0.0028129785458854,13.976080417633057,0.5935417514953493,0.28948803872105355,4.896359865085882,1.466950612697895,0.2210509147830826,-0.952915892780351,-0.536778479110592,-2.503813233188239,2.637347326795815,-0.4724254768631293,-0.000986722887524946,-0.553131152099442,1.3729417530268078,2.5113182099027322,0.5867314871890397,1.1642774269964014,-0.8586095650301852
6,E-504,E,1,E-504-1,3,0.7997986020958626,66.80436134266225,2.8410362475462345,0.6470068457070093,0.11509138928865377,0.3507222638387304,0.0218899084014346,0.0111439440032796,1.6865060477052538,0.4851190676055189,0.049633764005896426,0.010148591249611018,0.0199003192624228,0.0019027604514242,11.28333330154419,0.6237553859496152,1.3850360991991735,4.201768367972141,1.0441688615186542,-0.4353984038463163,-2.162028776750816,-1.047760639851227,-3.821729551949743,2.4233267078728202,1.9376450865687442,-1.2452154642828293,-0.7393961897930371,-0.5283817198844207,-0.4819475269326374,-0.5500997838142838,-0.9115586301395789,-1.0402701462139037
7,E-504,E,1,E-504-1,4,0.6294745773404192,96.74608643221656,3.61147578566948,1.2221712328374323,0.3697865176184349,0.8904185292720713,0.1070819383375542,0.0263065127720555,5.937066596018208,0.8639461772038491,0.13812284669863065,0.03366123555023941,0.115321524994985,0.0065371423907696,14.150996685028076,0.5621341751775728,0.5299634076420603,4.572089880778748,1.2841164937014278,0.20062897600435134,-0.9948294192701761,-0.11606366918333968,-2.2341609587236095,2.6497850587131277,0.1366673224884387,-0.6891593524999142,-0.643402800824716,1.2930869822813695,2.3361809231630204,2.0729311332111613,2.0416274387781406,-0.8468092030119283
8,N-505,N,1,N-505-2,1,0.4448875237404208,114.4419102804987,14.8974840862748,1.3897153193619352,0.17089705764511579,0.3903089302053278,0.0495856004681361,0.0226917667352936,1.488179190511814,1.2814884144569088,0.16760152229166303,0.009508582177735756,0.0440615097263629,0.0018438049346495,21.935714285714287,0.7947126989047838,-0.22134925856220905,4.74006736046219,2.7011923454239475,0.3290989199525085,-1.7666939058308289,-0.9408167246952188,-3.004054800542691,3.0881160978315183,-1.815125324192031,-0.3605252816693073,0.7627843574028796,1.8236767000486795,0.13552616682532648,-0.35770073191759894,0.048513949909842265,-0.3216294283341536
9,N-505,N,1,N-505-3,1,0.5602801929347372,82.39487317715046,12.335165427620485,0.7191411111766388,0.14446189799281656,0.3400659572609275,0.0469154899386152,0.0294519493855356,1.7384519874535571,1.02369283648047,0.09334723500130242,0.011401656132243577,0.0450531472936442,0.0031062850845192,22.677777777777777,1.01579161474947,0.24229928118161384,4.411523216255858,2.5124541611293703,-0.32969768018850715,-1.9347394879103967,-1.0786156882420297,-3.059407382182318,3.12138549247958,-0.5949825307415341,-0.9556797289348536,0.44353068532349577,-0.29994214704825534,-0.15697128291978665,-0.6018915478214614,-0.044045567971870196,-0.27156765890989687
10,E-510,E,1,E-510-1,1,0.7145566372099009,136.23274603439322,10.541848618014988,0.7651802965459397,0.12050475623780903,0.4935179932473115,0.0476287379729556,0.0195574945399383,5.489134437710167,2.886087486697249,0.07757505789297911,0.009001536657320128,0.0505865526477075,0.0028623587756038,41.93678861788618,1.085025587623076,0.9176186321442954,4.914364790914556,2.3553529184375743,-0.26764379116478587,-2.116066055977194,-0.7061959602923936,-3.0443189609941492,3.736163451676224,1.036310800072412,0.0441583952253787,0.22009127245635488,-0.15414220341514062,-0.4220501762833979,0.1439157894770423,-0.019320788432323356,1.0277014337330241
11,E-510,E,1,E-510-2,1,0.692651277173875,181.6134764616241,9.74193542037706,0.7492677028906488,0.09084979057249429,0.2513706280047825,0.0207419949645566,0.0085611625769986,2.070484918614388,0.7702113180445886,0.04019119254166328,0.004780869477381491,0.0107305459499624,0.0008817974009525,19.784454299088445,0.6662615913542173,0.8125436570908267,5.201880673004238,2.276439806372137,-0.2886589455828089,-2.3985477893435574,-1.3808268233636622,-3.8755948915801914,2.9848964929097996,0.8046871850498033,0.8869365730277667,0.12042559472024163,-0.2045352596646782,-0.7501738548793402,-1.032968443726636,-0.9513511080586229,-0.46675970704200065
12,E-510,E,1,E-510-3,1,0.6256183855552748,85.63645554032132,2.982732237314805,0.8300352597308297,0.13744315407761526,0.6203285075480292,0.0525400996476684,0.0221547604015942,4.221095587583191,0.9697738407955766,0.08587502292190008,0.011297453825798585,0.0671719783726515,0.0022444538284316,21.864700854700857,0.8882637430351454,0.51346494079506,4.450111074965882,1.0928397386189375,-0.18628709749040193,-1.9845448722492134,-0.47750609038049735,-2.9461785981207482,3.084873503303231,0.09589259520586103,-0.8954794004802418,-0.7217414906400846,0.05124479248487598,-0.2346316686565473,0.7602400461357414,0.1509318148693474,-0.32642020169444114
13,E-510,E,1,E-510-4,1,0.6322963652616566,94.29325484880997,3.372752547776143,0.43890876709643106,0.07942567358192508,0.4735374800479818,0.0265049039132478,0.0145990056703333,3.5012259105547985,0.5816941954948445,0.03398555609200863,0.006940027392441293,0.0381811354005919,0.0014772941260725,20.84188034188034,0.7098896388742145,0.5420809432852557,4.546409658436471,1.2157291907367391,-0.8234637073303954,-2.532933618133213,-0.7475242141602547,-3.6304255097801104,3.0369644403523512,0.16650443623910116,-0.7347115706519413,-0.6731466697423135,-1.1874005076454461,-0.876578428533605,0.04680653151729828,-0.7515795750117217,-0.39542265933163717
14,E-510,E,1,E-510-5,1,0.5510908531197232,136.04331889545406,13.96210489647246,1.309191170662815,0.17817299115029778,0.341687882230646,0.0290967032954218,0.0151677038114999,2.753786053257963,1.349617258844472,0.12170526363291201,0.013559188641706937,0.0320712075571055,0.0014921346521765,14.759415444348576,0.5434535932405091,0.20507916146560942,4.912973356309019,2.636346866517585,0.26940951955158104,-1.7250003402456788,-1.0738575836719135,-3.5371304000394734,2.6918812143466413,-0.6921490737302921,0.040640491095619194,0.6462402109039944,1.5686674889329495,0.2160322815139757,-0.5940086707049201,-0.6617347170525307,-0.8057634973974426
16,S-512,S,1,S-512-1,1,0.743038307398432,242.23624923898376,39.17512520825981,0.9420546299872382,0.21592461381638867,0.4609605508654897,0.060600147836595,0.0186052151319047,8.896309578425921,3.2389033733956483,0.08413726631111734,0.02127519260482107,0.0448307934978203,0.0050701311755717,53.92,1.26293980052169,1.0618205833652516,5.48991348647244,3.668041984363583,-0.05969201247031308,-1.5328259423254864,-0.7744428126069554,-2.8034579463620717,3.987501466604052,1.337471219262037,2.0127789623775363,3.7876720119656087,0.4059951586825347,0.6337431445770244,-0.014319839369162748,0.4303337970053741,1.8361238552502714
17,S-512,S,1,S-512-1,2,0.5820359030649963,197.84167243919777,17.503745229244842,1.2045333947762533,0.2549113506116865,0.9207109176867936,0.0816795882308578,0.041706078248676,15.585327592470332,5.871483923756979,0.20638806187632083,0.023209939881634983,0.1685451433055677,0.0031599908048579,53.49205128205128,0.9147360517863616,0.33113659860806344,5.287467076671152,2.8624148711316373,0.18609226769987625,-1.3668394389261773,-0.0826091707301931,-2.504951146386502,3.97953306869646,-0.3649412888049874,1.1883149181147994,1.0875130703912872,1.237230307700749,1.0651201907722703,2.2201581504271513,1.1610536749047156,1.8072531854592258
18,S-512,S,1,S-512-1,3,0.7481624319477941,199.28380770449385,17.858059735758406,0.6287689238972568,0.1548109463777729,0.3550518381965588,0.0429738495803482,0.013523610908131,6.032367104517752,2.3200757624795103,0.03900166046276518,0.009767289190784236,0.0238094904503486,0.0021738868422484,44.236790780141845,0.8133533519901087,1.0888358009454826,5.294729978080164,2.882454932131339,-0.46399146037140065,-1.8655506072918504,-1.0354914770781567,-3.1471634975805927,3.7895568134468096,1.3916528556285424,1.2150972135866567,1.1316591046456124,-0.5861387794526414,-0.04246203464198291,-0.5290571935176365,-0.1806827323104401,1.1828662938206078
19,S-513,S,1,S-513-1,1,0.7420172024013089,92.54061962311316,10.427930991149852,0.814075197664677,0.19559268387799034,0.4309513947073626,0.043001078845832,0.0145968150784626,3.164493195515106,1.123783097819474,0.06181743682245916,0.013359132534983668,0.0342391087654018,0.0025662382489461,18.94195895522388,0.5571698021139887,1.0564795200032864,4.5276476791892355,2.344487878399747,-0.20570253682296924,-1.631720925567705,-0.841759968538559,-3.146530074165356,2.9413795119355437,1.3266742257242754,-0.767260247325041,0.2058976355453377,0.0007014101256884906,0.40877617885413814,-0.16017029162939647,-0.17973882843170974,-0.5235969023718435
20,S-513,S,1,S-513-2,1,0.6731334435989083,101.17588272403178,7.7922157174146705,0.5572882053957843,0.04039900081102488,0.2509012677441197,0.0188137132283463,0.011739434900532,1.31458281600007,0.6187830376078458,0.03760462695550691,0.003749598690032652,0.0142950054360665,0.0011048179481242,16.154761904761905,0.5434063920978688,0.7223915885036853,4.61686041544867,2.053125250430161,-0.5846727484637556,-3.208950226721258,-1.3826957728360783,-3.9731692480091434,2.7822148609915556,0.598308875694994,-0.6068923724027493,-0.12250093301427946,-0.8125086564339704,-1.3083973548298382,-1.0352496277069496,-1.0181950929313246,-0.7116293518488993
21,S-517,S,1,S-517-1,1,0.5667046595951218,178.70840244218675,7.353483932006534,0.7128255807732131,0.14195063132344304,0.1864173473174145,0.0258021306298243,0.0137022617408965,2.5190900586025884,0.5305936937873383,0.04580907412760067,0.008250996237857524,0.0103842612384522,0.0009507251638992,10.936157433578291,0.4142012599513004,0.2684187105240132,5.185755440881959,1.995174205274799,-0.338518515740512,-1.952275948567284,-1.6797673160533368,-3.657298207912987,2.3920744952194815,-0.5270512942759735,0.8329856347014561,-0.177164990147225,-0.319942587313358,-0.18475772741579216,-1.348654273548709,-0.7759412467757363,-1.063691643751055
22,S-517,S,1,S-517-2,1,0.6285403954108074,114.15737860751793,8.776609455458068,0.8831415373481103,0.16140769709087893,0.249411874126589,0.0295687816374668,0.0172904089985594,1.5401958258199289,0.5927254371771047,0.05881045642914078,0.015837829154347755,0.0146294764386673,0.0019323838570984,10.453333333333331,0.4250002352259698,0.5259601764137606,4.737578010462035,2.1720901662611034,-0.12426979977601493,-1.8238218347488324,-1.3886496360973486,-3.521036148622444,2.346920906814097,0.1267894389352981,-0.3658093985758504,0.00015021132362100407,0.21942527224477743,0.030529117504130465,-1.042488376159779,-0.645370097214144,-1.096264367025345
23,S-524,S,1,S-524-1,1,0.5834707707322487,106.59169873914357,0.1040354595591843,0.2904589840507525,0.08128700089842565,0.4666776573593341,0.0393252295862538,0.0230337102038996,5.683914017206262,1.4922793425097465,0.029772724037087243,0.006827211303237287,0.0512043084863733,0.0017346500454269,35.876666666666665,1.00990743366919,0.33703772000961274,4.669005635708337,-2.2630234806536467,-1.2362929035337475,-2.5097691657604986,-0.7621165008399413,-3.23588899187928,3.580087130608097,-0.349769237963482,-0.5063137455371478,-1.0804144894091887,-1.6575211196152735,-0.8559833763236602,0.013466432372480354,-0.3071623307589547,0.6188679160495112
24,S-524,S,1,S-524-2,1,0.6180752356993512,156.2928592399195,2.551072213132556,0.7828862128550851,0.1285119416821995,0.5000753214935846,0.0381718455848551,0.0205362426095563,8.165721600609714,2.1986692681486804,0.07520128497717472,0.014121804169407294,0.0582012067897516,0.0023488166155453,27.90625,0.7860685550019864,0.48138655354531806,5.051731550138866,0.936513746533441,-0.2447679155757594,-2.051733447585731,-0.6929965489182915,-3.265657061681694,3.3288506780767726,0.016132589644990415,0.4167003418776612,-0.7755244373257374,-0.09806993412673962,-0.3334529688927211,0.17578570562190948,-0.3471444460765178,0.08116034028350037
25,S-524,S,1,S-524-3,1,0.5850752518632483,54.22910464916098,0.1807818205251757,0.36366967282684987,0.04441313968549019,0.5576356176190619,0.0270258853344171,0.0251385862873746,2.9409452312909448,1.0365312508690865,0.051027904853796546,0.0034771097961737727,0.0896703044328075,0.0013335272292757,31.738177506775067,0.7319213357965636,0.3436433006251668,3.9932177504670143,-1.7104643862721827,-1.0115093155996917,-3.1142199144628337,-0.5840495449276033,-3.6109601561630367,3.457520294003423,-0.3328037227112115,-1.478754057024096,-1.070852229276411,-1.425672658108523,-1.2639820609883388,0.45554016382450213,-0.7335197274377667,0.3396733561457973
26,E-526,E,1,E-526-1,1,0.6036749039688076,122.88350565936966,4.087126539521578,0.559127274326133,0.09040557823540048,0.2981951179322758,0.0323950231733986,0.0190542518170957,2.712841883368428,0.8657382353625702,0.04130535605616935,0.010474195438368493,0.0260106942676609,0.002648953309609,23.67467948717949,0.5647881980630984,0.4208009905368454,4.811236798121399,1.4078421655712996,-0.5813781495850249,-2.4034493073439416,-1.2100072485753377,-3.429750473741729,3.1644061009521804,-0.13613411071819584,-0.20375406392617226,-0.5841388020704158,-0.8066845710547134,-0.755088936817722,-0.8053921334567411,-0.5473982900208079,-0.20431375941412977
27,E-527,E,1,E-527-1,1,0.6303959625000485,208.56702310771857,10.806848157867275,0.6157836200252158,0.11290844215378862,0.3562212808872798,0.0303965260017754,0.0124161613854884,6.413372529401223,1.0900350730499844,0.03975767017131154,0.010559198966683949,0.028535669603638,0.0017667524120242,30.000833333333333,0.786197328286372,0.5339158701799376,5.340260443337714,2.380180021872296,-0.48485964334986903,-2.1811780351234984,-1.0322031657020945,-3.4934269533573783,3.4012251590541376,0.14640989513506605,1.3874983910913306,0.25310905340699635,-0.6272615004003687,-0.5061012100680795,-0.5233734700421967,-0.6166762965483507,0.22246704650838073
