lectin,mouse,vessel_type,contour_in_vessel_type,ln_y_std_mean,size
lea,M1_10,av,0,0.38792570429021667,129
lea,M1_10,av,1,0.21044361268232378,87
lea,M1_10,av,2,0.3141092146777735,93
lea,M1_10,bp_a,0,0.9727292296740647,212
lea,M1_10,bp_a,1,0.9444210301987435,166
lea,M1_10,bp_a,2,0.8500131998454529,400
lea,M1_10,bp_a,3,0.7928984860166369,147
lea,M1_10,bp_a,4,0.7412447457500457,791
lea,M1_10,bp_a,5,0.7896881915145184,200
lea,M1_10,bp_v,0,0.8340781280646871,147
lea,M1_10,bp_v,1,0.40970024269456856,57
lea,M1_10,pa,0,1.0042251282575616,29
lea,M1_10,pa,1,0.9323918802302695,137
lea,M1_10,pa,2,0.8813487211115875,24
lea,M1_10,pa,3,0.83839240189345,222
lea,M1_10,pa,4,0.7948144925494249,50
lea,M1_10,pa,5,0.8597092191676052,76
lea,M1_10,pa,6,0.8676090136411789,40
lea,M1_10,pa,7,0.8856603760373424,230
lea,M1_10,pa,8,0.911151703696033,425
lea,M1_10,pa,9,0.7651602913027178,38
lea,M1_10,pa,10,0.8727168191951639,129
lea,M1_10,pa,11,0.772971273579782,287
lea,M1_10,pa,12,0.6445883372070575,104
lea,M1_10,pe,0,0.6056980346355955,60
lea,M1_10,pe,1,0.7314800304818906,28
lea,M1_10,pe,2,0.7127193767808095,1184
lea,M1_10,pe,3,0.8059664277799432,88
lea,M1_10,pe,4,0.7474255182054808,210
lea,M1_10,pe,5,0.7209140627039062,184
lea,M1_10,pe,6,0.7433926651972375,168
lea,M1_10,pe,7,0.5771114235212491,72
lea,M1_10,pv,0,0.832958529868948,78
lea,M1_10,pv,1,0.5361785693217056,568
lea,M1_10,pv,2,0.5405709780484199,50
lea,M1_10,pv,3,0.42472670120955935,170
lea,M1_10,pv,4,0.5495788349707262,249
lea,M1_10,pv,5,0.6341500582184908,573
lea,M4,av,0,0.3584239552410074,1559
lea,M4,av,1,0.48644184339903646,39
lea,M4,av,2,0.5001637216240902,82
lea,M4,av,3,0.22217102145088546,95
lea,M4,av,4,0.2319845823000177,68
lea,M4,av,5,0.31480559046064677,35
lea,M4,av,6,0.37533831189978395,279
lea,M4,av,7,0.302450086353178,164
lea,M4,av,8,0.2887380517939627,399
lea,M4,av,9,0.1772710728469712,194
lea,M4,av,10,0.20572075208003418,117
lea,M4,bp_a,0,0.6012595505327188,484
lea,M4,bp_a,1,0.7421117700689336,1144
lea,M4,bp_a,2,0.8530574197866921,408
lea,M4,bp_v,0,0.8504233027873073,17
lea,M4,bp_v,1,0.5699558990721325,105
lea,M4,bp_v,2,0.518147381898819,152
lea,M4,bp_v,3,0.5188340245452487,221
lea,M4,bp_v,4,0.49539703793108086,36
lea,M4,bp_v,5,0.4095393400447841,67
lea,M4,bp_v,6,0.3674009727701851,39
lea,M4,bp_v,7,0.5213950043521465,79
lea,M4,bp_v,8,0.4759517648340079,109
lea,M4,bp_v,9,0.47465663696537924,95
lea,M4,bp_v,10,0.36555526688637924,169
lea,M4,bp_v,11,0.4227091177038549,355
lea,M4,bp_v,12,0.48922849827193066,46
lea,M4,bp_v,13,0.4648803401378878,88
lea,M4,bp_v,14,0.40265257852094904,84
lea,M4,bp_v,15,0.2457200621401864,270
lea,M4,pa,0,0.866526609937671,208
lea,M4,pa,1,0.7723748570886244,44
lea,M4,pa,2,0.712161155905024,121
lea,M4,pa,3,0.5071639624692431,66
lea,M4,pa,4,0.5600237036412483,203
lea,M4,pa,5,0.8034112258338769,41
lea,M4,pa,6,0.7721542746027816,195
lea,M4,pa,7,0.6747327102843533,16
lea,M4,pa,8,0.7090448993780945,22
lea,M4,pa,9,0.7342651519013574,228
lea,M4,pea,0,0.5892420362724007,157
lea,M4,pea,1,0.6916247757146268,134
lea,M4,pea,2,0.7147399090529727,268
lea,M4,pv,0,0.6556491013128145,617
lea,M4,pv,1,0.3575079889769773,127
lea,M4,pv,2,0.4090959504249548,199
lea,M4,pv,3,0.5154675548275259,23
lea,M4,pv,4,0.4261841690276562,59
lea,M4,pv,5,0.3993346238316729,73
lea,M4,pv,6,0.36278375759587017,277
lea,M4,pv,7,0.5028105723439583,65
lea,M4,pv,8,0.31722890834256956,106
lea,M4,pv,9,0.546731921551003,195
lea,M4,pv,10,0.5943846249965403,186
lea,M4,pv,11,0.5046517152633414,620
lea,M4,pv,12,0.6573608420329466,617
lea,M4,pv,13,0.5163966011012311,194
lea,M4,pv,14,0.6109330464563436,124
lea,M4,pv,15,0.480412020445309,49
lea,M4,pv,16,0.5382431872058939,39
lea,M4,pv,17,0.4886511272178994,268
lea,M4,pv,18,0.4468202615766344,106
lea,M4,pv,19,0.24061294745427053,45
lea,M4,pv,20,0.4933751759635071,212
lea,M4,pv,21,0.33174714205239664,25
lea,M4,pv,22,0.4597598748095296,126
lea,M4,pv,23,0.23910103755199963,64
lea,M4,pv,24,0.25252441810056064,60
lea,M4,pv,25,0.37129471353549875,20
lea,M4,pv,26,0.33357578044931085,219
lea,M4,pv,27,0.24467479262605402,28
lea,M4,pv,28,0.41002003147512744,77
lea,M4,pv,29,0.37720089905219767,496
lea,M4,pv,30,0.5647398273909996,84
lea,M4,pv,31,0.6181292163595997,69
lea,M4,pv,32,0.3709406016364276,359
lea,M4,pv,33,0.5097045990971696,171
lea,M4,pv,34,0.2855042564903802,196
lea,M4,pv,35,0.20745241798030906,47
lea,M4,pv,36,0.2715407031428589,190
lea,M4,pv,37,0.5110736799307524,447
wga,20230216,av,0,-2.135812318169186,216
wga,20230216,av,1,-2.181025555997035,238
wga,20230216,av,2,-2.1070198029628613,93
wga,20230216,av,3,-2.0290530796891906,34
wga,20230216,av,4,-2.233198475254331,208
wga,20230216,av,5,-2.166372707610053,424
wga,20230216,av,6,-2.1360187542262072,59
wga,20230216,av,7,-2.1095198389273886,37
wga,20230216,av,8,-2.104525231986184,550
wga,20230216,av,9,-2.1944322704160943,51
wga,20230216,av,10,-2.096095949282562,86
wga,20230216,av,11,-1.9880268275004616,320
wga,20230216,av,12,-1.9164215924006236,76
wga,20230216,av,13,-2.0305881095693206,39
wga,20230216,av,14,-2.0182691359484197,110
wga,20230216,av,15,-2.0027030631179907,450
wga,20230216,av,16,-2.062570960758952,155
wga,20230216,av,17,-2.0378855696397014,139
wga,20230216,av,18,-2.156403002175337,227
wga,20230216,av,19,-1.992316888087607,64
wga,20230216,av,20,-2.1232144782712856,43
wga,20230216,av,21,-2.0927662493913277,247
wga,20230216,av,22,-1.9960852885795812,51
wga,20230216,av,23,-1.9387244784482975,28
wga,20230216,av,24,-1.9225775635758202,27
wga,20230216,av,25,-1.9242088474428907,248
wga,20230216,bp_a,0,-1.3333674557915542,116
wga,20230216,bp_a,1,-1.1710617111194161,780
wga,20230216,bp_a,2,-0.8639325341584853,338
wga,20230216,bp_v,0,-2.185688141274315,272
wga,20230216,bp_v,1,-2.053886620251951,45
wga,20230216,bp_v,2,-2.004040890439765,68
wga,20230216,bp_v,3,-2.1628932332570736,117
wga,20230216,bp_v,4,-2.006394856640751,75
wga,20230216,bp_v,5,-1.9274694554024665,415
wga,20230216,bp_v,6,-1.9559533105981322,221
wga,20230216,bp_v,7,-1.8925798466421517,172
wga,20230216,bp_v,8,-1.8396164691416852,23
wga,20230216,bp_v,9,-1.8470977731105478,262
wga,20230216,pa,0,-1.2358190533383624,388
wga,20230216,pa,1,-1.343004076052231,548
wga,20230216,pa,2,-1.3699339595890234,25
wga,20230216,pa,3,-1.4001100588850701,464
wga,20230216,pa,4,-1.3265876370274003,120
wga,20230216,pa,5,-1.1936405436035766,852
wga,20230216,pa,6,-1.2677183738995437,523
wga,20230216,pa,7,-1.1966031554102479,69
wga,20230216,pe,0,-1.327141189653927,177
wga,20230216,pe,1,-1.379944842036483,33
wga,20230216,pe,2,-1.2740120950469895,379
wga,20230216,pe,3,-1.322284170720327,28
wga,20230216,pv,0,-2.016740590482727,225
wga,20230216,pv,1,-2.030020907407122,425
wga,20230216,pv,2,-1.8948177849529786,158
wga,20230216,pv,3,-2.071881647151088,106
wga,20230216,pv,4,-2.076506540433957,43
wga,20230216,pv,5,-2.094561447017873,244
wga,20230216,pv,6,-2.0159694523435707,642
wga,20230216,pv,7,-2.1890939894520716,71
wga,20230216,pv,8,-2.0547520639598753,725
wga,20230216,pv,9,-2.1110452610912236,17
wga,20230216,pv,10,-1.8827020453831425,199
wga,20230216,pv,11,-1.9866692137735529,121
wga,20230216,pv,12,-2.029056269093555,435
wga,20230216,pv,13,-1.9046099977383766,197
wga,20230216,pv,14,-2.038434504494202,346
wga,20230216,pv,15,-2.1164462844012855,77
wga,20230512,bp_a,0,-1.343476038427325,36
wga,20230512,bp_a,1,-1.3150175420599022,756
wga,20230512,bp_a,2,-1.3458068092581612,1311
wga,20230512,bp_a,3,-1.5295526264058612,1604
wga,20230512,bp_a,4,-1.093605788639047,105
wga,20230512,bp_a,5,-1.1500426791523668,48
wga,20230512,bp_a,6,-1.5262975818675972,31
wga,20230512,bp_a,7,-1.5315153220346531,819
wga,20230512,bp_a,8,-1.3562815350540376,774
wga,20230512,bp_a,9,-1.4045652027680915,460
wga,20230512,bp_a,10,-0.8784031395396033,58
wga,20230512,bp_a,11,-1.0878176572699543,204
wga,20230512,bp_a,12,-1.4518335059102567,345
wga,20230512,bp_a,13,-1.4716046829483815,326
wga,20230512,bp_a,14,-1.3234100157185695,339
wga,20230512,bp_a,15,-1.4273714423392845,56
wga,20230512,pa,0,-1.4161202914653932,24
wga,20230512,pa,1,-1.380597051097572,122
wga,20230512,pa,2,-1.4950560574571263,87
wga,20230512,pa,3,-1.5394824985523299,774
wga,20230512,pa,4,-1.4175462188784809,83
wga,20230512,pa,5,-1.3895939506934705,784
wga,20230512,pa,6,-0.9705285918918478,332
wga,20230512,pa,7,-1.30630810828128,264
wga,20230512,pa,8,-1.5023136398478647,102
wga,20230512,pa,9,-1.5352476701522373,70
wga,20230512,pa,10,-1.5007426839190745,13
wga,20230512,pa,11,-1.401343587117173,553
wga,20230512,pa,12,-1.368635621033725,247
wga,20230512,pa,13,-1.5222571305617139,217
wga,20230512,pa,14,-1.352779869281575,143
wga,20230512,pa,15,-1.312934654829626,49
wga,20230512,pa,16,-1.2305472299394282,1245
wga,20230512,pa,17,-1.4604928675559483,29
wga,20230512,pa,18,-1.2930189555175815,137
wga,20230512,pea,0,-1.604835982123719,19
wga,20230512,pea,1,-1.5376292536154954,195
wga,20230512,pea,2,-1.5087225952491852,343
wga,20230512,pea,3,-1.616796273299447,84
wga,20230512,pea,4,-1.3458358256347684,71
wga,20230512,pea,5,-1.2389549823953765,456
wga,20230512,pea,6,-1.3956437744671046,243
