"",mouse,treatment,vessel,roi,rep,alpha,c0,cr,k1,k2,r1,r2,alpha_std,c0_std,cr_std,k1_std,k2_std,r1_std,r2_std,I_plasma,I_plasma_std,logit_alpha,log_c0,log_k1,log_k2,log_r1,log_r2,log_I_plasma,alpha_stnd,c0_stnd,cr_stnd,k1_stnd,k2_stnd,r1_stnd,r2_stnd,I_plasma_stnd
0,N-208,N,1,N-208-1,1,0.4139732203328372,270.66945607867564,14.67507141278568,1.426052196245804,0.20413354612553128,0.7350590690552959,0.0745400846707021,0.0278364200398398,8.607432965318404,4.698168853520323,0.21002109260276608,0.011112014909841251,0.1080351661044376,0.0030329815253567,68.43748474121094,1.1116018133771777,-0.34756420107680863,5.600898357149857,0.3549099245801483,-1.5889808614495706,-0.3078044169368522,-2.596418249022063,4.22592069705132,-2.1893416000728028,2.5609495464147467,0.7721858330930624,1.9604780815662501,0.5361264475562767,1.3445082219761562,0.9391129731673827,2.875355991488051
1,N-317,N,1,N-317-1,1,0.6765504348373402,97.51152483177962,2.9911302247297185,0.5744099916118759,0.16840883601612502,0.6384451729964349,0.0898194747274906,0.0324524301674599,8.150637750783124,2.0095326147828585,0.07295332778285933,0.019989590685619965,0.0953846312931175,0.0070125048601028,36.06057357788086,0.9970508399029052,0.7379637993206003,4.579970574421198,-0.5544118665319396,-1.7813607081458913,-0.44871947564369297,-2.4099534593969754,3.585200123857234,0.6179179048438601,-0.6239892688723233,-0.6766591505084545,-0.7012948557588881,0.13827922746068125,0.866017787830237,1.4782140312872747,0.6547241752715254
2,N-330,N,1,N-330-1,1,0.660116491843765,95.54668788574376,4.391747489720716,0.5957429800531592,0.04390728174854516,0.2911162867138619,0.0207844216226875,0.0145256589616891,2.770240908438063,1.2019307579114549,0.04854855588144342,0.003365382603325746,0.0212779683019116,0.0009257673433212,16.59933673469388,0.5568286804467105,0.6638133864076534,4.559615006409332,-0.5179459464496985,-3.125675101390863,-1.2340324809331793,-3.873551533333577,2.809362738822913,0.44221970970902835,-0.6601290252789586,-0.502978261015247,-0.6346194714292848,-1.248228797691795,-0.8541648812085435,-0.9575422415638876,-0.6800616385726552
3,N-330,N,1,N-330-1,2,0.4382563994317763,126.82439582907932,8.57033212159121,0.5995430452810567,0.12236560773569224,0.2302780199360207,0.0304466806995663,0.0164485424327272,1.3644989574167208,0.609718719536164,0.04335140070270164,0.007550425374600779,0.0166403871571451,0.0011328907054384,16.144500172950536,0.6043427915763461,-0.24824139310871962,4.84280341962575,-0.5115875051221366,-2.1007419309384385,-1.4684679177175721,-3.491778298992483,2.7815794451029854,-1.9297258315693195,-0.08483001723119499,0.015179206999813715,-0.6227425227193089,-0.37447987735774924,-1.155472766209674,-0.6166298050848146,-0.7112574662132408
4,E-504,E,1,E-504-1,1,0.5310910058848727,121.01552345308698,1.068060531683173,1.1056841771611825,0.32992448154562887,0.8607907677402024,0.1319221246060253,0.0362882863164647,5.569896781614626,1.4769058606810748,0.17225746814153664,0.029687298898226404,0.1513709924563956,0.0087071022624527,23.202072143554688,0.845208290407331,0.124524685185112,4.795918830368617,0.10046430821799353,-1.1088914945114738,-0.14990381484100526,-2.025543495599526,3.1442415912163098,-0.9372146121840471,-0.19167411596882333,-0.9151257631900427,0.9591809188094378,1.9369936293149743,1.9672076217911891,2.963717249335238,-0.227200516367084
5,E-504,E,1,E-504-1,2,0.5718707917167268,133.8018353996051,4.335992839364457,1.247386939382721,0.38561497061886024,0.5846286152301579,0.0817725854136605,0.018459532085141,4.117424948116656,0.6513684629962972,0.10603800241169187,0.025328076507061807,0.0530021148224669,0.0028129785458854,13.976080417633057,0.5935417514953493,0.28948803872105355,4.896359865085882,0.2210509147830826,-0.952915892780351,-0.536778479110592,-2.503813233188239,2.637347326795815,-0.5012306994101717,0.04350784150541338,-0.5098920107663755,1.4020671162914409,2.5571891801170934,0.5994856517683969,1.1942965105265502,-0.8599826449456762
6,E-504,E,1,E-504-1,3,0.7997986020958626,66.80436134266225,2.8410362475462345,0.6470068457070093,0.11509138928865377,0.3507222638387304,0.0218899084014346,0.0111439440032796,1.6865060477052538,0.4851190676055189,0.049633764005896426,0.010148591249611018,0.0199003192624228,0.0019027604514242,11.28333330154419,0.6237553859496152,1.3850360991991735,4.201768367972141,-0.4353984038463163,-2.162028776750816,-1.047760639851227,-3.821729551949743,2.4233267078728202,1.9355858892991986,-1.188794104548073,-0.6952712696907553,-0.4743963524743675,-0.4554890046161497,-0.5589600397145831,-0.918537471743555,-1.0446698094762044
7,E-504,E,1,E-504-1,4,0.6294745773404192,96.74608643221656,3.61147578566948,1.2221712328374323,0.3697865176184349,0.8904185292720713,0.1070819383375542,0.0263065127720555,5.937066596018208,0.8639461772038491,0.13812284669863065,0.03366123555023941,0.115321524994985,0.0065371423907696,14.150996685028076,0.5621341751775728,0.5299634076420603,4.572089880778748,0.20062897600435134,-0.9948294192701761,-0.11606366918333968,-2.2341609587236095,2.6497850587131277,0.1146215748111281,-0.6380681762138739,-0.5997343749039834,1.323256455062372,2.3809160625649106,2.113942212325855,2.0872836579774274,-0.84798568122694
8,N-505,N,1,N-505-2,1,0.4448875237404208,114.4419102804987,14.8974840862748,1.3897153193619352,0.17089705764511579,0.3903089302053278,0.0495856004681361,0.0226917667352936,1.488179190511814,1.2814884144569088,0.16760152229166303,0.009508582177735756,0.0440615097263629,0.0018438049346495,21.935714285714287,0.7947126989047838,-0.22134925856220905,4.74006736046219,0.3290989199525085,-1.7666939058308289,-0.9408167246952188,-3.004054800542691,3.0881160978315183,-1.858831307157313,-0.31258429085539297,0.7997656951522387,1.8469086565305664,0.16598923700432933,-0.3629029304494446,0.05864662022795999,-0.31405607017980175
9,N-505,N,1,N-505-3,1,0.5602801929347372,82.39487317715046,12.335165427620485,0.7191411111766388,0.14446189799281656,0.3400659572609275,0.0469154899386152,0.0294519493855356,1.7384519874535571,1.02369283648047,0.09334723500130242,0.011401656132243577,0.0450531472936442,0.0031062850845192,22.677777777777777,1.01579161474947,0.24229928118161384,4.411523216255858,-0.32969768018850715,-1.9347394879103967,-1.0786156882420297,-3.059407382182318,3.12138549247958,-0.6251478437816531,-0.9020337700124639,0.48203022599608486,-0.2489436510509816,-0.12840516810748,-0.61173651358433,-0.03556259927699292,-0.2631602391409449
10,E-510,E,1,E-510-1,1,0.7145566372099009,136.23274603439322,10.541848618014988,0.7651802965459397,0.12050475623780903,0.4935179932473115,0.0476287379729556,0.0195574945399383,5.489134437710167,2.886087486697249,0.07757505789297911,0.009001536657320128,0.0505865526477075,0.0028623587756038,41.93678861788618,1.085025587623076,0.9176186321442954,4.914364790914556,-0.26764379116478587,-2.116066055977194,-0.7061959602923936,-3.0443189609941492,3.736163451676224,1.024248945629303,0.08822021235368546,0.2596533737177391,-0.10505005699738972,-0.39520319724407726,0.14825075858784736,-0.010397146429350648,1.0577555210023994
11,E-510,E,1,E-510-2,1,0.692651277173875,181.6134764616241,9.74193542037706,0.7492677028906488,0.09084979057249429,0.2513706280047825,0.0207419949645566,0.0085611625769986,2.070484918614388,0.7702113180445886,0.04019119254166328,0.004780869477381491,0.0107305459499624,0.0008817974009525,19.784454299088445,0.6662615913542173,0.8125436570908267,5.201880673004238,-0.2886589455828089,-2.3985477893435574,-1.3808268233636622,-3.8755948915801914,2.9848964929097996,0.7900548618593236,0.9229197768667461,0.16046165364137377,-0.15478421874259254,-0.7254548806263692,-1.0510094166937543,-0.9590391767298758,-0.4616043136535481
12,E-510,E,1,E-510-3,1,0.6256183855552748,85.63645554032132,2.982732237314805,0.8300352597308297,0.13744315407761526,0.6203285075480292,0.0525400996476684,0.0221547604015942,4.221095587583191,0.9697738407955766,0.08587502292190008,0.011297453825798585,0.0671719783726515,0.0022444538284316,21.864700854700857,0.8882637430351454,0.51346494079506,4.450111074965882,-0.18628709749040193,-1.9845448722492134,-0.47750609038049735,-2.9461785981207482,3.084873503303231,0.07339434547191774,-0.8424105034541903,-0.6777005270219622,0.09765148235499807,-0.20656921049366248,0.7762931056747555,0.16288989355107003,-0.3189266609378764
13,E-510,E,1,E-510-4,1,0.6322963652616566,94.29325484880997,3.372752547776143,0.43890876709643106,0.07942567358192508,0.4735374800479818,0.0265049039132478,0.0145990056703333,3.5012259105547985,0.5816941954948445,0.03398555609200863,0.006940027392441293,0.0381811354005919,0.0014772941260725,20.84188034188034,0.7098896388742145,0.5420809432852557,4.546409658436471,-0.8234637073303954,-2.532933618133213,-0.7475242141602547,-3.6304255097801104,3.0369644403523512,0.14478980923962104,-0.6831837447650762,-0.6293367975902979,-1.124798400354428,-0.8526792352208692,0.049295175331160304,-0.7557070868662692,-0.3890787443651742
14,E-510,E,1,E-510-5,1,0.5510908531197232,136.04331889545406,13.96210489647246,1.309191170662815,0.17817299115029778,0.341687882230646,0.0290967032954218,0.0151677038114999,2.753786053257963,1.349617258844472,0.12170526363291201,0.013559188641706937,0.0320712075571055,0.0014921346521765,14.759415444348576,0.5434535932405091,0.20507916146560942,4.912973356309019,0.26940951955158104,-1.7250003402456788,-1.0738575836719135,-3.5371304000394734,2.6918812143466413,-0.7233927032538935,0.0847360297746279,0.6837757714528832,1.5952337176393048,0.24701746395906352,-0.6037037603824521,-0.6642609110587668,-0.8062561274806176
15,E-511,E,1,E-511-1,1,0.6782591019811689,66.13543387836182,-0.3940819936509677,0.3921082630939741,0.08426631477530622,0.4548684050967141,0.0408311422182883,0.0164536532366086,2.9357304078743467,0.6013689640305898,0.0329815943602591,0.006238944156675184,0.0426255668777569,0.0020128003139029,21.42387316561845,0.6506208132176067,0.7457828141613448,4.191704667951869,-0.9362172959605475,-2.4737730813122183,-0.7877471214308931,-3.198310199065499,3.0645058687305102,0.6361855678979579,-1.2010978611841132,-1.0964359759893334,-1.2710714647106773,-0.7987715719712843,-0.0431653727155974,-0.25023597837174755,-0.3491616634959437
16,S-512,S,1,S-512-1,1,0.743038307398432,242.23624923898376,39.17512520825981,0.9420546299872382,0.21592461381638867,0.4609605508654897,0.060600147836595,0.0186052151319047,8.896309578425921,3.2389033733956483,0.08413726631111734,0.02127519260482107,0.0448307934978203,0.0050701311755717,53.92,1.26293980052169,1.0618205833652516,5.48991348647244,-0.05969201247031308,-1.5328259423254864,-0.7744428126069554,-2.8034579463620717,3.987501466604052,1.3287515259599518,2.0379701861583635,3.8102685714610858,0.44776345024752273,0.6674373382087234,-0.012993383046474629,0.44727169747112394,1.87964678546955
17,S-512,S,1,S-512-1,2,0.5820359030649963,197.84167243919777,17.503745229244842,1.2045333947762533,0.2549113506116865,0.9207109176867936,0.0816795882308578,0.041706078248676,15.585327592470332,5.871483923756979,0.20638806187632083,0.023209939881634983,0.1685451433055677,0.0031599908048579,53.49205128205128,0.9147360517863616,0.33113659860806344,5.287467076671152,0.18609226769987625,-1.3668394389261773,-0.0826091707301931,-2.504951146386502,3.97953306869646,-0.3925536936584928,1.2214092015143763,1.1229501687961005,1.268130112369727,1.1016120258998618,2.2639684370735513,1.1910153010368538,1.8502951115562483
18,S-512,S,1,S-512-1,3,0.7481624319477941,199.28380770449385,17.858059735758406,0.6287689238972568,0.1548109463777729,0.3550518381965588,0.0429738495803482,0.013523610908131,6.032367104517752,2.3200757624795103,0.03900166046276518,0.009767289190784236,0.0238094904503486,0.0021738868422484,44.236790780141845,0.8133533519901087,1.0888358009454826,5.294729978080164,-0.46399146037140065,-1.8655506072918504,-1.0354914770781567,-3.1471634975805927,3.7895568134468096,1.3835344490430466,1.2479347701109818,1.1668862676789158,-0.5313982324212612,-0.01315328452380876,-0.537517369470934,-0.17463506748233942,1.2155055285033132
19,S-513,S,1,S-513-1,1,0.7420172024013089,92.54061962311316,10.427930991149852,0.814075197664677,0.19559268387799034,0.4309513947073626,0.043001078845832,0.0145968150784626,3.164493195515106,1.123783097819474,0.06181743682245916,0.013359132534983668,0.0342391087654018,0.0025662382489461,18.94195895522388,0.5571698021139887,1.0564795200032864,4.5276476791892355,-0.20570253682296924,-1.631720925567705,-0.841759968538559,-3.146530074165356,2.9413795119355437,1.3178347115893634,-0.7154204198002039,0.24552723429519002,0.04776896002982102,0.441011377566978,-0.161616870393541,-0.17367434026878018,-0.5193884535970421
20,S-513,S,1,S-513-2,1,0.6731334435989083,101.17588272403178,7.7922157174146705,0.5572882053957843,0.04039900081102488,0.2509012677441197,0.0188137132283463,0.011739434900532,1.31458281600007,0.6187830376078458,0.03760462695550691,0.003749598690032652,0.0142950054360665,0.0011048179481242,16.154761904761905,0.5434063920978688,0.7223915885036853,4.61686041544867,-0.5846727484637556,-3.208950226721258,-1.3826957728360783,-3.9731692480091434,2.7822148609915556,0.5813862463356896,-0.5565897821719611,-0.08130964301268866,-0.7548082994805376,-1.2872986687707295,-1.0533339725191249,-1.027074531575888,-0.7105536458878597
21,S-517,S,1,S-517-1,1,0.5667046595951218,178.70840244218675,7.353483932006534,0.7128255807732131,0.14195063132344304,0.1864173473174145,0.0258021306298243,0.0137022617408965,2.5190900586025884,0.5305936937873383,0.04580907412760067,0.008250996237857524,0.0103842612384522,0.0009507251638992,10.936157433578291,0.4142012599513004,0.2684187105240132,5.185755440881959,-0.338518515740512,-1.952275948567284,-1.6797673160533368,-3.657298207912987,2.3920744952194815,-0.5564627328880126,0.8694859956985279,-0.13571374657706817,-0.2686825834585394,-0.15637181808922235,-1.372697338857307,-0.780502960216179,-1.0684815243843526
22,S-517,S,1,S-517-2,1,0.6285403954108074,114.15737860751793,8.776609455458068,0.8831415373481103,0.16140769709087893,0.249411874126589,0.0295687816374668,0.0172904089985594,1.5401958258199289,0.5927254371771047,0.05881045642914078,0.015837829154347755,0.0146294764386673,0.0019323838570984,10.453333333333331,0.4250002352259698,0.5259601764137606,4.737578010462035,-0.12426979977601493,-1.8238218347488324,-1.3886496360973486,-3.521036148622444,2.346920906814097,0.10463407035011489,-0.31781775583692434,0.040758236848852075,0.26363298467440743,0.060311242545421265,-1.0607103503254007,-0.6476046222431755,-1.1015969303979571
23,S-524,S,1,S-524-1,1,0.5834707707322487,106.59169873914357,0.1040354595591843,0.2904589840507525,0.08128700089842565,0.4666776573593341,0.0393252295862538,0.0230337102038996,5.683914017206262,1.4922793425097465,0.029772724037087243,0.006827211303237287,0.0512043084863733,0.0017346500454269,35.876666666666665,1.00990743366919,0.33703772000961274,4.669005635708337,-1.2362929035337475,-2.5097691657604986,-0.7621165008399413,-3.23588899187928,3.580087130608097,-0.3772132693006783,-0.45697527119476283,-1.034667865236974,-1.5887721359358196,-0.831950616394015,0.015321185352996876,-0.30336893003726356,0.6421105712064505
24,S-524,S,1,S-524-2,1,0.6180752356993512,156.2928592399195,2.551072213132556,0.7828862128550851,0.1285119416821995,0.5000753214935846,0.0381718455848551,0.0205362426095563,8.165721600609714,2.1986692681486804,0.07520128497717472,0.014121804169407294,0.0582012067897516,0.0023488166155453,27.90625,0.7860685550019864,0.48138655354531806,5.051731550138866,-0.2447679155757594,-2.051733447585731,-0.6929965489182915,-3.265657061681694,3.3288506780767726,-0.0072508055935005195,0.45719108609458237,-0.7312277102379382,-0.04971093852041713,-0.30603140382476846,0.18072661317386823,-0.3440636523567804,0.095444437762916
25,S-524,S,1,S-524-3,1,0.5850752518632483,54.22910464916098,0.1807818205251757,0.36366967282684987,0.04441313968549019,0.5576356176190619,0.0270258853344171,0.0251385862873746,2.9409452312909448,1.0365312508690865,0.051027904853796546,0.0034771097961737727,0.0896703044328075,0.0013335272292757,31.738177506775067,0.7319213357965636,0.3436433006251668,3.9932177504670143,-1.0115093155996917,-3.1142199144628337,-0.5840495449276033,-3.6109601561630367,3.457520294003423,-0.36005947736196214,-1.4200940679221083,-1.025151078195208,-1.3599551174193254,-1.2425953251356696,0.46580000536858507,-0.7373253560269291,0.3582644484814669
26,E-526,E,1,E-526-1,1,0.6036749039688076,122.88350565936966,4.087126539521578,0.559127274326133,0.09040557823540048,0.2981951179322758,0.0323950231733986,0.0190542518170957,2.712841883368428,0.8657382353625702,0.04130535605616935,0.010474195438368493,0.0260106942676609,0.002648953309609,23.67467948717949,0.5647881980630984,0.4208009905368454,4.811236798121399,-0.5813781495850249,-2.4034493073439416,-1.2100072485753377,-3.429750473741729,3.1644061009521804,-0.1612073025454786,-0.1573158339530123,-0.5407522046265963,-0.7490603646294439,-0.7304018387095479,-0.8191062285600573,-0.5478866494143918,-0.19478584597012982
27,E-527,E,1,E-527-1,1,0.6303959625000485,208.56702310771857,10.806848157867275,0.6157836200252158,0.11290844215378862,0.3562212808872798,0.0303965260017754,0.0124161613854884,6.413372529401223,1.0900350730499844,0.03975767017131154,0.010559198966683949,0.028535669603638,0.0017667524120242,30.000833333333333,0.786197328286372,0.5339158701799376,5.340260443337714,-0.48485964334986903,-2.1811780351234984,-1.0322031657020945,-3.4934269533573783,3.4012251590541376,0.12447226673784138,1.4186833627714246,0.29251413942958526,-0.5719832694725885,-0.4797993334211153,-0.5317255821233774,-0.6183994078338946,0.2391054055511249
