,mouse,treatment,vessel,roi,rep,alpha,c0,cr,k1,k2,r1,r2,alpha_std,c0_std,cr_std,k1_std,k2_std,r1_std,r2_std,I_plasma,I_plasma_std
0,208,No injection,1,1,1,0.4139732203328372,270.66945607867564,14.67507141278568,1.426052196245804,0.20413354612553128,0.7350590690552959,0.0745400846707021,0.0278364200398398,8.607432965318404,4.698168853520323,0.21002109260276608,0.011112014909841251,0.1080351661044376,0.0030329815253567,68.43748474121094,1.1116018133771777
1,317,No injection,1,1,1,0.6765504348373402,97.51152483177962,2.9911302247297185,0.5744099916118759,0.16840883601612502,0.6384451729964349,0.0898194747274906,0.0324524301674599,8.150637750783124,2.0095326147828585,0.07295332778285933,0.019989590685619965,0.0953846312931175,0.0070125048601028,36.06057357788086,0.9970508399029052
2,330,No injection,1,1,1,0.660116491843765,95.54668788574376,4.391747489720716,0.5957429800531592,0.04390728174854516,0.2911162867138619,0.0207844216226875,0.0145256589616891,2.770240908438063,1.2019307579114549,0.04854855588144342,0.003365382603325746,0.0212779683019116,0.0009257673433212,16.59933673469388,0.5568286804467105
3,330,No injection,1,1,2,0.4382563994317763,126.82439582907932,8.57033212159121,0.5995430452810567,0.12236560773569224,0.2302780199360207,0.0304466806995663,0.0164485424327272,1.3644989574167208,0.609718719536164,0.04335140070270164,0.007550425374600779,0.0166403871571451,0.0011328907054384,16.144500172950536,0.6043427915763461
4,504,Enzyme,1,1,1,0.5310910058848727,121.01552345308698,1.068060531683173,1.1056841771611825,0.32992448154562887,0.8607907677402024,0.1319221246060253,0.0362882863164647,5.569896781614626,1.4769058606810748,0.17225746814153664,0.029687298898226404,0.1513709924563956,0.0087071022624527,23.202072143554688,0.845208290407331
5,504,Enzyme,1,1,2,0.5718707917167268,133.8018353996051,4.335992839364457,1.247386939382721,0.38561497061886024,0.5846286152301579,0.0817725854136605,0.018459532085141,4.117424948116656,0.6513684629962972,0.10603800241169187,0.025328076507061807,0.0530021148224669,0.0028129785458854,13.976080417633057,0.5935417514953493
6,504,Enzyme,1,1,3,0.7997986020958626,66.80436134266225,2.8410362475462345,0.6470068457070093,0.11509138928865377,0.3507222638387304,0.0218899084014346,0.0111439440032796,1.6865060477052538,0.4851190676055189,0.049633764005896426,0.010148591249611018,0.0199003192624228,0.0019027604514242,11.28333330154419,0.6237553859496152
7,504,Enzyme,1,1,4,0.6294745773404192,96.74608643221656,3.61147578566948,1.2221712328374323,0.3697865176184349,0.8904185292720713,0.1070819383375542,0.0263065127720555,5.937066596018208,0.8639461772038491,0.13812284669863065,0.03366123555023941,0.115321524994985,0.0065371423907696,14.150996685028076,0.5621341751775728
8,505,No injection,1,2,1,0.4448875237404208,114.4419102804987,14.8974840862748,1.3897153193619352,0.17089705764511579,0.3903089302053278,0.0495856004681361,0.0226917667352936,1.488179190511814,1.2814884144569088,0.16760152229166303,0.009508582177735756,0.0440615097263629,0.0018438049346495,21.935714285714287,0.7947126989047838
9,505,No injection,1,3,1,0.5602801929347372,82.39487317715046,12.335165427620485,0.7191411111766388,0.14446189799281656,0.3400659572609275,0.0469154899386152,0.0294519493855356,1.7384519874535571,1.02369283648047,0.09334723500130242,0.011401656132243577,0.0450531472936442,0.0031062850845192,22.677777777777777,1.01579161474947
10,510,Enzyme,1,1,1,0.7145566372099009,136.23274603439322,10.541848618014988,0.7651802965459397,0.12050475623780903,0.4935179932473115,0.0476287379729556,0.0195574945399383,5.489134437710167,2.886087486697249,0.07757505789297911,0.009001536657320128,0.0505865526477075,0.0028623587756038,41.93678861788618,1.085025587623076
11,510,Enzyme,1,2,1,0.692651277173875,181.6134764616241,9.74193542037706,0.7492677028906488,0.09084979057249429,0.2513706280047825,0.0207419949645566,0.0085611625769986,2.070484918614388,0.7702113180445886,0.04019119254166328,0.004780869477381491,0.0107305459499624,0.0008817974009525,19.784454299088445,0.6662615913542173
12,510,Enzyme,1,3,1,0.6256183855552748,85.63645554032132,2.982732237314805,0.8300352597308297,0.13744315407761526,0.6203285075480292,0.0525400996476684,0.0221547604015942,4.221095587583191,0.9697738407955766,0.08587502292190008,0.011297453825798585,0.0671719783726515,0.0022444538284316,21.864700854700857,0.8882637430351454
13,510,Enzyme,1,4,1,0.6322963652616566,94.29325484880997,3.372752547776143,0.43890876709643106,0.07942567358192508,0.4735374800479818,0.0265049039132478,0.0145990056703333,3.5012259105547985,0.5816941954948445,0.03398555609200863,0.006940027392441293,0.0381811354005919,0.0014772941260725,20.84188034188034,0.7098896388742145
14,510,Enzyme,1,5,1,0.5510908531197232,136.04331889545406,13.96210489647246,1.309191170662815,0.17817299115029778,0.341687882230646,0.0290967032954218,0.0151677038114999,2.753786053257963,1.349617258844472,0.12170526363291201,0.013559188641706937,0.0320712075571055,0.0014921346521765,14.759415444348576,0.5434535932405091
15,511,Enzyme,1,1,1,0.6782591019811689,66.13543387836182,-0.3940819936509677,0.3921082630939741,0.08426631477530622,0.4548684050967141,0.0408311422182883,0.0164536532366086,2.9357304078743467,0.6013689640305898,0.0329815943602591,0.006238944156675184,0.0426255668777569,0.0020128003139029,21.42387316561845,0.6506208132176067
16,512,Saline,1,1,1,0.743038307398432,242.23624923898376,39.17512520825981,0.9420546299872382,0.21592461381638867,0.4609605508654897,0.060600147836595,0.0186052151319047,8.896309578425921,3.2389033733956483,0.08413726631111734,0.02127519260482107,0.0448307934978203,0.0050701311755717,53.92,1.26293980052169
17,512,Saline,1,1,2,0.5820359030649963,197.84167243919777,17.503745229244842,1.2045333947762533,0.2549113506116865,0.9207109176867936,0.0816795882308578,0.041706078248676,15.585327592470332,5.871483923756979,0.20638806187632083,0.023209939881634983,0.1685451433055677,0.0031599908048579,53.49205128205128,0.9147360517863616
18,512,Saline,1,1,3,0.7481624319477941,199.28380770449385,17.858059735758406,0.6287689238972568,0.1548109463777729,0.3550518381965588,0.0429738495803482,0.013523610908131,6.032367104517752,2.3200757624795103,0.03900166046276518,0.009767289190784236,0.0238094904503486,0.0021738868422484,44.236790780141845,0.8133533519901087
19,513,Saline,1,1,1,0.7420172024013089,92.54061962311316,10.427930991149852,0.814075197664677,0.19559268387799034,0.4309513947073626,0.043001078845832,0.0145968150784626,3.164493195515106,1.123783097819474,0.06181743682245916,0.013359132534983668,0.0342391087654018,0.0025662382489461,18.94195895522388,0.5571698021139887
20,513,Saline,1,2,1,0.6731334435989083,101.17588272403178,7.7922157174146705,0.5572882053957843,0.04039900081102488,0.2509012677441197,0.0188137132283463,0.011739434900532,1.31458281600007,0.6187830376078458,0.03760462695550691,0.003749598690032652,0.0142950054360665,0.0011048179481242,16.154761904761905,0.5434063920978688
21,517,Saline,1,1,1,0.5667046595951218,178.70840244218675,7.353483932006534,0.7128255807732131,0.14195063132344304,0.1864173473174145,0.0258021306298243,0.0137022617408965,2.5190900586025884,0.5305936937873383,0.04580907412760067,0.008250996237857524,0.0103842612384522,0.0009507251638992,10.936157433578291,0.4142012599513004
22,517,Saline,1,2,1,0.6285403954108074,114.15737860751793,8.776609455458068,0.8831415373481103,0.16140769709087893,0.249411874126589,0.0295687816374668,0.0172904089985594,1.5401958258199289,0.5927254371771047,0.05881045642914078,0.015837829154347755,0.0146294764386673,0.0019323838570984,10.453333333333331,0.4250002352259698
23,524,Saline,1,1,1,0.5834707707322487,106.59169873914357,0.1040354595591843,0.2904589840507525,0.08128700089842565,0.4666776573593341,0.0393252295862538,0.0230337102038996,5.683914017206262,1.4922793425097465,0.029772724037087243,0.006827211303237287,0.0512043084863733,0.0017346500454269,35.876666666666665,1.00990743366919
24,524,Saline,1,2,1,0.6180752356993512,156.2928592399195,2.551072213132556,0.7828862128550851,0.1285119416821995,0.5000753214935846,0.0381718455848551,0.0205362426095563,8.165721600609714,2.1986692681486804,0.07520128497717472,0.014121804169407294,0.0582012067897516,0.0023488166155453,27.90625,0.7860685550019864
25,524,Saline,1,3,1,0.5850752518632483,54.22910464916098,0.1807818205251757,0.36366967282684987,0.04441313968549019,0.5576356176190619,0.0270258853344171,0.0251385862873746,2.9409452312909448,1.0365312508690865,0.051027904853796546,0.0034771097961737727,0.0896703044328075,0.0013335272292757,31.738177506775067,0.7319213357965636
26,526,Enzyme,1,1,1,0.6036749039688076,122.88350565936966,4.087126539521578,0.559127274326133,0.09040557823540048,0.2981951179322758,0.0323950231733986,0.0190542518170957,2.712841883368428,0.8657382353625702,0.04130535605616935,0.010474195438368493,0.0260106942676609,0.002648953309609,23.67467948717949,0.5647881980630984
27,527,Enzyme,1,1,1,0.6303959625000485,208.56702310771857,10.806848157867275,0.6157836200252158,0.11290844215378862,0.3562212808872798,0.0303965260017754,0.0124161613854884,6.413372529401223,1.0900350730499844,0.03975767017131154,0.010559198966683949,0.028535669603638,0.0017667524120242,30.000833333333333,0.786197328286372
